{
  "name": "angular-toastr",
  "version": "1.7.0",
  "authors": [
    "Jesus Rodriguez <Foxandxss@gmail.com>"
  ],
  "license": "MIT",
  "keywords": [
    "angular",
    "angularjs",
    "toast",
    "toastr"
  ],
  "main": [
    "./dist/angular-toastr.tpls.js",
    "./dist/angular-toastr.css"
  ],
  "ignore": [
    "config",
    "node_modules",
    "playground",
    "src",
    "test",
    ".travis.yml",
    ".gitignore",
    ".jshintrc",
    "CHANGELOG.md",
    "Gruntfile.js",
    "package.json"
  ],
  "dependencies": {
    "angular": ">=1.3.0"
  },
  "homepage": "https://github.com/Foxandxss/angular-toastr",
  "_release": "1.7.0",
  "_resolution": {
    "type": "version",
    "tag": "1.7.0",
    "commit": "c97ca9463866ae8330c699ee061a25d3fd5c9180"
  },
  "_source": "https://github.com/Foxandxss/angular-toastr.git",
  "_target": "1.7.0",
  "_originalSource": "angular-toastr"
}